{
  "gini_importance": {
    "score_percentage": {
      "mean": 0.5708094112227002,
      "std": 0.06522779962111885,
      "rank": 1
    },
    "hard_question_accuracy": {
      "mean": 0.1555324176897714,
      "std": 0.05977075173345284,
      "rank": 2
    },
    "hint_usage_percentage": {
      "mean": 0.11863401974879655,
      "std": 0.02368688036603429,
      "rank": 3
    },
    "avg_confidence": {
      "mean": 0.10151166958680312,
      "std": 0.017357935232025182,
      "rank": 4
    },
    "answer_changes_rate": {
      "mean": 0.004968366425895196,
      "std": 0.004752919389372212,
      "rank": 11
    },
    "tab_switches_rate": {
      "mean": 0.006491169602568621,
      "std": 0.0064735719760970626,
      "rank": 8
    },
    "avg_time_per_question": {
      "mean": 0.0052996172283095114,
      "std": 0.005430483462988512,
      "rank": 10
    },
    "review_percentage": {
      "mean": 0.007217464705151917,
      "std": 0.008736549918197382,
      "rank": 6
    },
    "avg_first_action_latency": {
      "mean": 0.006697842923367658,
      "std": 0.007023079657716396,
      "rank": 7
    },
    "clicks_per_question": {
      "mean": 0.01680320525050094,
      "std": 0.010818789068456652,
      "rank": 5
    },
    "performance_trend": {
      "mean": 0.006034815616134964,
      "std": 0.005830120225784354,
      "rank": 9
    }
  },
  "permutation_importance": {
    "score_percentage": {
      "mean": 0.36175000000000007,
      "std": 0.019654834011000964,
      "rank": 1
    },
    "hard_question_accuracy": {
      "mean": 0.12600000000000006,
      "std": 0.013332291625973375,
      "rank": 2
    },
    "hint_usage_percentage": {
      "mean": 0.09375000000000007,
      "std": 0.014064583179035214,
      "rank": 3
    },
    "avg_confidence": {
      "mean": 0.04525000000000005,
      "std": 0.006932712311931035,
      "rank": 4
    },
    "answer_changes_rate": {
      "mean": -0.0012499999999999623,
      "std": 0.0016770509831248311,
      "rank": 8
    },
    "tab_switches_rate": {
      "mean": -0.0019999999999999684,
      "std": 0.002179449471770344,
      "rank": 10
    },
    "avg_time_per_question": {
      "mean": -0.0012499999999999734,
      "std": 0.0012499999999999734,
      "rank": 9
    },
    "review_percentage": {
      "mean": 0.0010000000000000453,
      "std": 0.002000000000000007,
      "rank": 7
    },
    "avg_first_action_latency": {
      "mean": 0.0012500000000000178,
      "std": 0.0016770509831248563,
      "rank": 6
    },
    "clicks_per_question": {
      "mean": -0.0047499999999999765,
      "std": 0.0017500000000000055,
      "rank": 11
    },
    "performance_trend": {
      "mean": 0.0015000000000000347,
      "std": 0.0029999999999999858,
      "rank": 5
    }
  }
}