{
  "xgboost_importance": {
    "score_percentage": {
      "mean": 0.3703451454639435,
      "rank": 1
    },
    "hard_question_accuracy": {
      "mean": 0.15743543207645416,
      "rank": 2
    },
    "hint_usage_percentage": {
      "mean": 0.11408476531505585,
      "rank": 3
    },
    "avg_confidence": {
      "mean": 0.0287446491420269,
      "rank": 8
    },
    "answer_changes_rate": {
      "mean": 0.02172345481812954,
      "rank": 10
    },
    "tab_switches_rate": {
      "mean": 0.02022089622914791,
      "rank": 11
    },
    "avg_time_per_question": {
      "mean": 0.10213638097047806,
      "rank": 4
    },
    "review_percentage": {
      "mean": 0.04442031309008598,
      "rank": 6
    },
    "avg_first_action_latency": {
      "mean": 0.07677512615919113,
      "rank": 5
    },
    "clicks_per_question": {
      "mean": 0.035660989582538605,
      "rank": 7
    },
    "performance_trend": {
      "mean": 0.02845292165875435,
      "rank": 9
    }
  },
  "permutation_importance": {
    "score_percentage": {
      "mean": 0.35375000000000006,
      "std": 0.0167425356502532,
      "rank": 1
    },
    "hard_question_accuracy": {
      "mean": 0.19450000000000006,
      "std": 0.014177446878757837,
      "rank": 2
    },
    "hint_usage_percentage": {
      "mean": 0.10100000000000002,
      "std": 0.006538348415310999,
      "rank": 3
    },
    "avg_confidence": {
      "mean": -0.007499999999999984,
      "std": 0.002958039891549811,
      "rank": 10
    },
    "answer_changes_rate": {
      "mean": 0.0035000000000000365,
      "std": 0.0025495097567963814,
      "rank": 5
    },
    "tab_switches_rate": {
      "mean": -0.0004999999999999672,
      "std": 0.002449489742783187,
      "rank": 6
    },
    "avg_time_per_question": {
      "mean": 0.05325000000000004,
      "std": 0.015249999999999988,
      "rank": 4
    },
    "review_percentage": {
      "mean": -0.0044999999999999814,
      "std": 0.0026925824035672606,
      "rank": 9
    },
    "avg_first_action_latency": {
      "mean": -0.00874999999999999,
      "std": 0.006731456008918135,
      "rank": 11
    },
    "clicks_per_question": {
      "mean": -0.004249999999999965,
      "std": 0.0019525624189766716,
      "rank": 8
    },
    "performance_trend": {
      "mean": -0.0004999999999999894,
      "std": 0.0018708286933869754,
      "rank": 7
    }
  }
}