{
  "target_source": "teacher_labelled",
  "training_accuracy": 0.99875,
  "test_accuracy": 0.8525,
  "overfitting_gap": 0.14625,
  "precision_macro": 0.8632353455856001,
  "recall_macro": 0.8265155532697377,
  "f1_macro": 0.841919355444188,
  "f1_weighted": 0.8502924925389942,
  "auc_roc_weighted": 0.9754382153710207,
  "cv_mean": 0.8930000000000001,
  "cv_std": 0.007968688725254637,
  "per_class": {
    "at_risk": {
      "precision": 0.9072164948453608,
      "recall": 0.9263157894736842,
      "f1": 0.9166666666666666
    },
    "developing": {
      "precision": 0.7848101265822784,
      "recall": 0.6966292134831461,
      "f1": 0.7380952380952381
    },
    "proficient": {
      "precision": 0.8378378378378378,
      "recall": 0.9171597633136095,
      "f1": 0.8757062146892656
    },
    "advanced": {
      "precision": 0.9230769230769231,
      "recall": 0.7659574468085106,
      "f1": 0.8372093023255814
    }
  },
  "confusion_matrix": [
    [
      88,
      6,
      1,
      0
    ],
    [
      9,
      62,
      18,
      0
    ],
    [
      0,
      11,
      155,
      3
    ],
    [
      0,
      0,
      11,
      36
    ]
  ]
}