{
  "training_accuracy": 0.95125,
  "test_accuracy": 0.8675,
  "overfitting_gap": 0.08374999999999999,
  "precision_macro": 0.8604423062152792,
  "recall_macro": 0.8177576682153341,
  "f1_macro": 0.8366319152590687,
  "f1_weighted": 0.8657106108585434,
  "cv_mean": 0.89,
  "cv_std": 0.02423839928708164,
  "per_class": {
    "at_risk": {
      "precision": 0.8421052631578947,
      "recall": 0.7272727272727273,
      "f1": 0.7804878048780488
    },
    "developing": {
      "precision": 0.865979381443299,
      "recall": 0.8842105263157894,
      "f1": 0.875
    },
    "proficient": {
      "precision": 0.8721461187214612,
      "recall": 0.9227053140096618,
      "f1": 0.8967136150234741
    },
    "advanced": {
      "precision": 0.8615384615384616,
      "recall": 0.7368421052631579,
      "f1": 0.7943262411347518
    }
  },
  "confusion_matrix": [
    [
      16,
      6,
      0,
      0
    ],
    [
      3,
      84,
      8,
      0
    ],
    [
      0,
      7,
      191,
      9
    ],
    [
      0,
      0,
      20,
      56
    ]
  ]
}