{
  "training_accuracy": 0.965,
  "test_accuracy": 0.91,
  "overfitting_gap": 0.05499999999999994,
  "precision_macro": 0.9260534932176724,
  "recall_macro": 0.907868991580188,
  "f1_macro": 0.9148459543881302,
  "f1_weighted": 0.9105297189049754,
  "cv_mean": 0.9075000000000001,
  "cv_std": 0.015247950681976905,
  "per_class": {
    "at_risk": {
      "precision": 0.9814814814814815,
      "recall": 0.8688524590163934,
      "f1": 0.9217391304347826
    },
    "developing": {
      "precision": 0.835820895522388,
      "recall": 0.9572649572649573,
      "f1": 0.8924302788844621
    },
    "proficient": {
      "precision": 0.9253731343283582,
      "recall": 0.8794326241134752,
      "f1": 0.9018181818181819
    },
    "advanced": {
      "precision": 0.9615384615384616,
      "recall": 0.9259259259259259,
      "f1": 0.9433962264150944
    }
  },
  "confusion_matrix": [
    [
      53,
      8,
      0,
      0
    ],
    [
      1,
      112,
      4,
      0
    ],
    [
      0,
      14,
      124,
      3
    ],
    [
      0,
      0,
      6,
      75
    ]
  ]
}